sample_id,stirrer_bar_size_mm,stirring_speed_rpm,flask_volume_ml,etching_time_h,etching_temperature_C,hcl_concentration_M,lif_to_max_molar_ratio,washing_cycles,atmosphere,true_extent,true_c_axis_A,true_two_theta_002,true_fwhm_002_deg,true_i_002,true_i_104,true_i_anatase,true_max_impurity_index,true_tio2_impurity_index
MX-001,15,800,100,24,55,12.0,0.5,3,argon,0.7667410642285427,26.57261514097206,6.6474001976160535,0.5353867146609036,2073.4374899199597,512.837033017673,379.750912787826,0.1982918009937957,0.1547989189777123
MX-002,40,800,50,36,55,6.0,0.5,3,air,0.8481288363433407,27.404079022454816,6.445495910735854,0.4816763504534424,2187.380370880677,364.709008204858,626.1755341173705,0.1429060483514651,0.22255663482819796
MX-003,25,400,250,12,25,9.0,1.0,5,argon,0.2091593652130633,21.033575566967773,8.40075847610116,1.1581963418936638,1292.8231112982885,1879.8994256769063,64.68148531840889,0.592519328043467,0.047647341658815935
MX-004,25,600,100,36,25,12.0,2.0,3,air,0.8099984339846871,27.270261918441683,6.47715805931256,0.5928986588763177,2133.997807578562,406.82392863465407,335.34057860964595,0.16011510088896488,0.13580179228789058
MX-005,25,200,100,24,55,9.0,0.5,8,argon,0.6294831119673949,25.229120185336,7.001815927795386,0.8560929636523332,1881.276356754353,827.1115679923347,379.13029900545024,0.30538888481778087,0.16772658939017815
MX-006,40,800,50,24,25,9.0,1.0,3,air,0.5817593768418363,24.88467290471727,7.098856593248476,0.6620199271866933,1814.463127578571,871.6551221868573,314.64775586792257,0.3245036298245532,0.14778363978797912
MX-007,15,600,250,24,55,6.0,1.5,3,argon,0.6899744811276125,25.827510637029164,6.839397589654889,0.7876675004369456,1965.9642735786574,709.0016480912392,410.3997622371785,0.2650507217111132,0.17270071253888636
MX-008,40,400,250,24,35,9.0,0.5,5,argon,0.40371730070321216,23.111698848062062,7.64421338124281,1.0317095876457865,1565.2042209844972,1330.666801253759,216.45104628356424,0.459504857445367,0.12148873593007922
MX-009,15,200,500,6,55,6.0,1.5,8,argon,0.2630841041665798,21.661637118954264,8.156766913627512,1.3487199029489312,1368.3177458332116,1678.9803845710935,332.83089932499445,0.5509734567219166,0.19565068594816495
MX-010,15,800,100,6,35,6.0,1.0,3,air,0.2911098274338801,21.898567242526155,8.068368374252191,0.8452196787756635,1407.553758407432,1598.9544243883631,347.81019310937216,0.5318310568845591,0.19814135570508357
MX-011,25,400,50,12,35,12.0,2.0,3,air,0.6153837563911821,25.150576561820987,7.023709527256845,0.7707570024875701,1861.5372589476551,884.3159703492568,357.50155809309183,0.32205507596474475,0.16110649139966227
MX-012,40,800,500,6,45,9.0,1.5,8,air,0.43782349911420193,23.325851975507668,7.573929504159277,0.9866589452142012,1612.9528987598828,1221.2876678265018,474.604115974364,0.4309047306091751,0.2273490556782626
MX-013,40,600,250,24,25,9.0,1.5,8,air,0.542397940774351,24.459665183862075,7.222367519723984,0.8384451802494817,1759.3571170840914,992.5107660140457,320.9843863625897,0.36066802919936936,0.15429408384670842
MX-014,40,800,250,36,45,9.0,0.5,5,argon,0.7613327148429104,26.576928470001842,6.646320139713145,0.6220040522713877,2065.8658007800746,645.008301642122,321.29052389969235,0.23793369860511038,0.13459132130477167
MX-015,40,800,50,36,45,12.0,1.0,5,air,0.9020311957024462,27.92226349592308,6.325756874348695,0.4243956941942715,2262.8436739834247,169.66134435129203,502.1352866292542,0.06974758246025799,0.1816054638325307
MX-016,40,200,100,24,55,6.0,2.0,5,argon,0.8021838885585817,26.919603879640245,6.561622048066401,0.756789328856113,2123.0574439820143,408.69665197767216,389.882917275424,0.1614282574401254,0.15515008763691165
MX-017,25,400,500,48,55,9.0,0.5,5,argon,0.7502601055951175,26.516408089368944,6.661506624460072,0.8982900717286265,2050.3641478331647,657.7233513214164,444.9177979525728,0.24287374448822147,0.1783036176348693
MX-018,15,400,500,24,45,6.0,2.0,5,air,0.49750002083312495,24.101327508844083,7.329895035816187,1.1023626152687007,1696.500029166375,1288.5979073220592,481.6164199543052,0.43167692810706276,0.22111601064706016
MX-019,40,400,100,6,35,9.0,1.0,3,air,0.3186462662109744,22.19926199119562,7.958902948426689,0.9972642249856463,1446.1047726953643,1522.378193384334,352.94116338888097,0.512847205384119,0.19618240774723247
MX-020,25,200,500,36,35,12.0,1.5,3,argon,0.5572478545985555,24.562987479896762,7.191947155350915,1.123373039893772,1780.1469964379776,1006.5545017786634,225.0814227966747,0.3611992538213409,0.1122472734964443
MX-021,25,600,500,24,35,9.0,1.5,3,air,0.4353637081969708,23.376503173137912,7.557494779664515,1.0953005607682125,1609.509191475759,1319.3382783063798,409.6834156510699,0.450463293810421,0.20289466899050357
MX-022,25,200,100,36,55,12.0,1.0,8,air,0.8593618742658659,27.698098881995204,6.377004816730422,0.7092089967539724,2203.106623972212,400.936766799696,620.0977871298575,0.15396700693257173,0.21964324817975023
MX-023,15,600,500,24,35,9.0,1.0,5,argon,0.33849684079704756,22.402519008079583,7.886577436040252,1.1698001735909218,1473.8955771158667,1484.6505863079778,186.93860648203906,0.5018176172684196,0.1125570561638305
MX-024,40,600,100,24,25,12.0,1.5,5,argon,0.6637386974043527,25.604512795576827,6.899035839675484,0.6922927982319551,1929.2341763660938,765.9713837744926,91.92519814355882,0.2841977603127749,0.04548141987361116
MX-025,40,800,50,6,35,9.0,0.5,5,air,0.3775406687981455,22.863909784786248,7.727183144931412,0.7843026796078841,1528.5569363174036,1472.0839084230006,363.9251002130035,0.49058983883502916,0.19230042514971907
MX-026,25,600,250,24,25,6.0,1.5,8,air,0.43045377606077095,23.338838275684637,7.5697090422044075,0.9367051804198503,1602.6352864850792,1334.7814845761504,342.2582587246796,0.4544065716945984,0.17597788813051293
MX-027,25,400,250,36,25,12.0,0.5,3,air,0.46257015465625045,23.748562025922183,7.438926715617699,0.9935508275660492,1647.5982165187506,1224.9120756099373,302.8668114396092,0.42642565249164355,0.1552792831956765
MX-028,40,800,50,12,25,12.0,1.5,3,argon,0.5719961329315186,24.73462008429294,7.141977557441708,0.6656341741170113,1800.7945861041262,982.8007224894861,60.511435344629554,0.35306882414097673,0.032510202324242315
MX-029,25,400,500,36,55,6.0,1.5,3,argon,0.6921095043017882,25.82313752048024,6.840557210866979,0.9438355855440811,1968.9533060225035,650.73162949459,408.34661861615507,0.2484007220380277,0.17176907902280036
MX-030,25,400,50,6,45,12.0,0.5,5,argon,0.401312339887548,22.903670662935827,7.7137484030079175,0.9233911577112739,1561.8372758425671,1372.4888501248788,238.84949421849294,0.4677356201067698,0.13264355477571133
MX-031,25,800,500,12,45,6.0,2.0,8,argon,0.4950001666600002,24.082075901178502,7.33576268893516,0.9680644499407781,1693.0002333240004,1154.8285654550057,242.93430336874525,0.40551193454821904,0.12548683788851772
MX-032,15,400,50,24,35,12.0,1.0,5,argon,0.5914589784327801,25.052483041990467,7.051245703493902,0.8388281958477324,1828.042569805892,953.9452349638333,157.84169662837692,0.34290058113421334,0.07948182041433247
MX-033,15,200,500,48,45,12.0,2.0,5,air,0.8361696387766411,27.347334850703803,6.458884116036941,0.9722181450819847,2170.6374942872976,354.01373679792243,570.2927205133683,0.14022282857888052,0.20806539233792307
MX-034,25,400,500,12,25,9.0,0.5,8,air,0.10526938952250978,20.022038909534217,8.82599544059971,1.3592465603230668,1147.3771453315137,2087.575405194989,315.0813637692897,0.6453187094986066,0.21544636091113334
MX-035,40,800,500,12,55,12.0,0.5,3,argon,0.4875026035157896,23.991941578537272,7.363360031639538,0.9630005103079637,1682.5036449221054,1228.4284818625981,314.88403927347605,0.4220051957101006,0.15764793272984007
MX-036,15,200,250,24,45,6.0,1.0,5,argon,0.4061268970658573,22.972705316095094,7.6905331092271885,1.0689423320171598,1568.5776558922003,1378.685758195282,296.3633730410881,0.4677850481926279,0.15891299963012903
