sample_id,stirrer_bar_size_mm,stirring_speed_rpm,flask_volume_ml,etching_time_h,etching_temperature_C,hcl_concentration_M,lif_to_max_molar_ratio,washing_cycles,atmosphere
MX-001,15,800,100,24,55,12.0,0.5,3,argon
MX-002,40,800,50,36,55,6.0,0.5,3,air
MX-003,25,400,250,12,25,9.0,1.0,5,argon
MX-004,25,600,100,36,25,12.0,2.0,3,air
MX-005,25,200,100,24,55,9.0,0.5,8,argon
MX-006,40,800,50,24,25,9.0,1.0,3,air
MX-007,15,600,250,24,55,6.0,1.5,3,argon
MX-008,40,400,250,24,35,9.0,0.5,5,argon
MX-009,15,200,500,6,55,6.0,1.5,8,argon
MX-010,15,800,100,6,35,6.0,1.0,3,air
MX-011,25,400,50,12,35,12.0,2.0,3,air
MX-012,40,800,500,6,45,9.0,1.5,8,air
MX-013,40,600,250,24,25,9.0,1.5,8,air
MX-014,40,800,250,36,45,9.0,0.5,5,argon
MX-015,40,800,50,36,45,12.0,1.0,5,air
MX-016,40,200,100,24,55,6.0,2.0,5,argon
MX-017,25,400,500,48,55,9.0,0.5,5,argon
MX-018,15,400,500,24,45,6.0,2.0,5,air
MX-019,40,400,100,6,35,9.0,1.0,3,air
MX-020,25,200,500,36,35,12.0,1.5,3,argon
MX-021,25,600,500,24,35,9.0,1.5,3,air
MX-022,25,200,100,36,55,12.0,1.0,8,air
MX-023,15,600,500,24,35,9.0,1.0,5,argon
MX-024,40,600,100,24,25,12.0,1.5,5,argon
MX-025,40,800,50,6,35,9.0,0.5,5,air
MX-026,25,600,250,24,25,6.0,1.5,8,air
MX-027,25,400,250,36,25,12.0,0.5,3,air
MX-028,40,800,50,12,25,12.0,1.5,3,argon
MX-029,25,400,500,36,55,6.0,1.5,3,argon
MX-030,25,400,50,6,45,12.0,0.5,5,argon
MX-031,25,800,500,12,45,6.0,2.0,8,argon
MX-032,15,400,50,24,35,12.0,1.0,5,argon
MX-033,15,200,500,48,45,12.0,2.0,5,air
MX-034,25,400,500,12,25,9.0,0.5,8,air
MX-035,40,800,500,12,55,12.0,0.5,3,argon
MX-036,15,200,250,24,45,6.0,1.0,5,argon
